sample_id,group,status,input_dir,output_dir,slice_count,xy_um_per_pixel,z_um_per_slice,roi_pixel_count,frame_pixel_count,roi_fraction_of_frame,roi_area_um2,included_slice_count,z_spacing_um,sampled_depth_um,stack_span_um,sampled_roi_volume_um3,detection_positive_slice_count,detection_positive_z_min,detection_positive_z_max,detection_positive_slice_fraction,raw_2d_detection_count,raw_2d_detections_per_1000_um2_per_slice,saturn_classical_count,unet_rescued_count,unet_rescue_fraction,saturn_classical_2d_count,unet_primary_2d_count,unet_supported_2d_count,unet_rescued_2d_count,unet_rescued_direct_2d_count,unet_rescued_split_2d_count,unet_rescued_short_high_confidence_2d_count,unet_rescued_low_ratio_high_confidence_2d_count,unet_rescued_other_2d_count,unet_probability_supported_2d_count,median_probability_of_unet_supported,median_probability_of_unet_rescues,unet_rescue_fraction_of_2d_detections,estimated_unique_nuclei,estimated_unique_nuclei_classical_only,estimated_unique_nuclei_with_unet_evidence,estimated_unique_nuclei_unet_fraction,estimated_nuclei_per_1000_um2,estimated_nuclei_per_100000_um3,qc_technical_failure_track_count,qc_classical_only_3d_track_count,qc_unet_associated_3d_track_count,qc_analysis_population_unet_track_count,lower_z_boundary_track_count,upper_z_boundary_track_count,z_boundary_track_count,z_boundary_track_fraction,z_coverage_censored,normalization_valid,normalization_warning,median_2d_length_um,median_2d_width_um,median_2d_length_width_ratio,median_body_width_um,median_body_width_p90_um,median_area_length_width_um,median_length_body_width_ratio,body_width_available_fraction,median_projection_z_extent_um,median_3d_length_um_legacy_alias,median_3d_tortuosity,median_observed_slab_effective_thickness_um,median_3d_thickness_um_legacy_alias,median_observed_slice_mask_volume_um3,median_3d_volume_um3_legacy_alias,median_3d_z_span_um,acquisition_class,message
kj_sv_40xx0.75-1,KJ,complete,C:\Users\dmishra\Desktop\KJ Images and mutant-Grace\kj sv feb\kj sv 40xx0.75-1,C:\Users\dmishra\Desktop\sperm_project\scratch\v571_rc6_report_replay_study_final\samples\kj_sv_40xx0.75-1\attempt_001,88.0,0.37841796875,0.34618410700236,318768.0,1048576.0,0.3040008544921875,45647.62830734253,88.0,0.34618410700236,30.464201416207683,30.11801730920532,1390618.542927066,88.0,0.0,87.0,1.0,26651.0,6.634567533020291,0.0,0.0,0.0,0.0,26651.0,26651.0,0.0,0.0,0.0,0.0,0.0,0.0,26651.0,0.9422,0.9422,0.0,5517.0,0.0,5517.0,1.0,120.86060556869232,396.7299320191325,249.0,0.0,5766.0,5517.0,53.0,253.0,306.0,0.0530697190426638,True,True,detections reach an acquisition Z boundary,9.92,1.514,5.322,1.5523,1.6923,1.5658,7.045072686098327,0.7806779046583288,10.19698420605453,10.19698420605453,1.1323619966509142,1.262565868114934,1.262565868114934,13.037861847295982,13.037861847295982,0.69236821400472,microscope=DMI8-CS; objective=HC PL APO CS2    40x/1.30 OIL; magnification=40; NA=1.3; zoom=0.75; gain=99.9981315396114; time_gate=0,
kj_sv_40xx0.75-10,KJ,excluded,C:\Users\dmishra\Desktop\KJ Images and mutant-Grace\kj sv feb\kj sv 40xx0.75-10,,,,,,,,,,,,,,,,,,,,,,,,,,,,,,,,,,,,,,,,,,,,,,,,,,,,,,,,,,,,,,,,,,,,,,
kj_sv_40xx0.75-11,KJ,excluded,C:\Users\dmishra\Desktop\KJ Images and mutant-Grace\kj sv feb\kj sv 40xx0.75-11,,,,,,,,,,,,,,,,,,,,,,,,,,,,,,,,,,,,,,,,,,,,,,,,,,,,,,,,,,,,,,,,,,,,,,
kj_sv_40xx0.75-12,KJ,excluded,C:\Users\dmishra\Desktop\KJ Images and mutant-Grace\kj sv feb\kj sv 40xx0.75-12,,,,,,,,,,,,,,,,,,,,,,,,,,,,,,,,,,,,,,,,,,,,,,,,,,,,,,,,,,,,,,,,,,,,,,
kj_sv_40xx0.75-13,KJ,excluded,C:\Users\dmishra\Desktop\KJ Images and mutant-Grace\kj sv feb\kj sv 40xx0.75-13,,,,,,,,,,,,,,,,,,,,,,,,,,,,,,,,,,,,,,,,,,,,,,,,,,,,,,,,,,,,,,,,,,,,,,
kj_sv_40xx0.75-14,KJ,excluded,C:\Users\dmishra\Desktop\KJ Images and mutant-Grace\kj sv feb\kj sv 40xx0.75-14,,,,,,,,,,,,,,,,,,,,,,,,,,,,,,,,,,,,,,,,,,,,,,,,,,,,,,,,,,,,,,,,,,,,,,
kj_sv_40xx0.75-15,KJ,excluded,C:\Users\dmishra\Desktop\KJ Images and mutant-Grace\kj sv feb\kj sv 40xx0.75-15,,,,,,,,,,,,,,,,,,,,,,,,,,,,,,,,,,,,,,,,,,,,,,,,,,,,,,,,,,,,,,,,,,,,,,
kj_sv_40xx0.75-16,KJ,excluded,C:\Users\dmishra\Desktop\KJ Images and mutant-Grace\kj sv feb\kj sv 40xx0.75-16,,,,,,,,,,,,,,,,,,,,,,,,,,,,,,,,,,,,,,,,,,,,,,,,,,,,,,,,,,,,,,,,,,,,,,
kj_sv_40xx0.75-17,KJ,excluded,C:\Users\dmishra\Desktop\KJ Images and mutant-Grace\kj sv feb\kj sv 40xx0.75-17,,,,,,,,,,,,,,,,,,,,,,,,,,,,,,,,,,,,,,,,,,,,,,,,,,,,,,,,,,,,,,,,,,,,,,
kj_sv_40xx0.75-2,KJ,excluded,C:\Users\dmishra\Desktop\KJ Images and mutant-Grace\kj sv feb\kj sv 40xx0.75-2,,,,,,,,,,,,,,,,,,,,,,,,,,,,,,,,,,,,,,,,,,,,,,,,,,,,,,,,,,,,,,,,,,,,,,
kj_sv_40xx0.75-3,KJ,excluded,C:\Users\dmishra\Desktop\KJ Images and mutant-Grace\kj sv feb\kj sv 40xx0.75-3,,,,,,,,,,,,,,,,,,,,,,,,,,,,,,,,,,,,,,,,,,,,,,,,,,,,,,,,,,,,,,,,,,,,,,
kj_sv_40xx0.75-4,KJ,excluded,C:\Users\dmishra\Desktop\KJ Images and mutant-Grace\kj sv feb\kj sv 40xx0.75-4,,,,,,,,,,,,,,,,,,,,,,,,,,,,,,,,,,,,,,,,,,,,,,,,,,,,,,,,,,,,,,,,,,,,,,
kj_sv_40xx0.75-5,KJ,excluded,C:\Users\dmishra\Desktop\KJ Images and mutant-Grace\kj sv feb\kj sv 40xx0.75-5,,,,,,,,,,,,,,,,,,,,,,,,,,,,,,,,,,,,,,,,,,,,,,,,,,,,,,,,,,,,,,,,,,,,,,
kj_sv_40xx0.75-6,KJ,excluded,C:\Users\dmishra\Desktop\KJ Images and mutant-Grace\kj sv feb\kj sv 40xx0.75-6,,,,,,,,,,,,,,,,,,,,,,,,,,,,,,,,,,,,,,,,,,,,,,,,,,,,,,,,,,,,,,,,,,,,,,
kj_sv_40xx0.75-7,KJ,excluded,C:\Users\dmishra\Desktop\KJ Images and mutant-Grace\kj sv feb\kj sv 40xx0.75-7,,,,,,,,,,,,,,,,,,,,,,,,,,,,,,,,,,,,,,,,,,,,,,,,,,,,,,,,,,,,,,,,,,,,,,
kj_sv_40xx0.75-8,KJ,excluded,C:\Users\dmishra\Desktop\KJ Images and mutant-Grace\kj sv feb\kj sv 40xx0.75-8,,,,,,,,,,,,,,,,,,,,,,,,,,,,,,,,,,,,,,,,,,,,,,,,,,,,,,,,,,,,,,,,,,,,,,
kj_sv_40xx0.75-9,KJ,excluded,C:\Users\dmishra\Desktop\KJ Images and mutant-Grace\kj sv feb\kj sv 40xx0.75-9,,,,,,,,,,,,,,,,,,,,,,,,,,,,,,,,,,,,,,,,,,,,,,,,,,,,,,,,,,,,,,,,,,,,,,
lkj_sv_40xx0.75-18,KJ,excluded,C:\Users\dmishra\Desktop\KJ Images and mutant-Grace\kj sv feb\lkj sv 40xx0.75-18,,,,,,,,,,,,,,,,,,,,,,,,,,,,,,,,,,,,,,,,,,,,,,,,,,,,,,,,,,,,,,,,,,,,,,
w1118_sv_feb_40xx0.75-1,WT,complete,C:\Users\dmishra\Desktop\KJ Images and mutant-Grace\w1118 sv feb\w1118 sv feb 40xx0.75-1,C:\Users\dmishra\Desktop\sperm_project\scratch\v571_rc6_report_replay_study_final\samples\w1118_sv_feb_40xx0.75-1\attempt_001,67.0,0.37841796875,0.3461841070023603,250920.0,1048576.0,0.2392959594726562,35931.78391456604,67.0,0.3461841070023603,23.19433516915814,22.84815106215578,833413.8393402098,67.0,0.0,66.0,1.0,16421.0,6.820968110616169,0.0,0.0,0.0,0.0,16421.0,16421.0,0.0,0.0,0.0,0.0,0.0,0.0,16421.0,0.9424,0.9424,0.0,3423.0,0.0,3423.0,1.0,95.2638479664346,410.72032145637183,118.0,0.0,3541.0,3423.0,213.0,216.0,429.0,0.1211522168878847,True,True,detections reach an acquisition Z boundary,8.536,1.514,4.1685,1.6921,1.9247,1.7534,5.716582874626884,0.7724218521764534,8.912929321313497,8.912929321313497,1.123739361502195,1.2816081944627444,1.2816081944627444,11.748947748323769,11.748947748323769,0.6923682140047207,microscope=DMI8-CS; objective=HC PL APO CS2    40x/1.30 OIL; magnification=40; NA=1.3; zoom=0.75; gain=99.9981315396114; time_gate=0,
w1118_sv_feb_40xx0.75-10,WT,excluded,C:\Users\dmishra\Desktop\KJ Images and mutant-Grace\w1118 sv feb\w1118 sv feb 40xx0.75-10,,,,,,,,,,,,,,,,,,,,,,,,,,,,,,,,,,,,,,,,,,,,,,,,,,,,,,,,,,,,,,,,,,,,,,
w1118_sv_feb_40xx0.75-11,WT,excluded,C:\Users\dmishra\Desktop\KJ Images and mutant-Grace\w1118 sv feb\w1118 sv feb 40xx0.75-11,,,,,,,,,,,,,,,,,,,,,,,,,,,,,,,,,,,,,,,,,,,,,,,,,,,,,,,,,,,,,,,,,,,,,,
w1118_sv_feb_40xx0.75-12,WT,excluded,C:\Users\dmishra\Desktop\KJ Images and mutant-Grace\w1118 sv feb\w1118 sv feb 40xx0.75-12,,,,,,,,,,,,,,,,,,,,,,,,,,,,,,,,,,,,,,,,,,,,,,,,,,,,,,,,,,,,,,,,,,,,,,
w1118_sv_feb_40xx0.75-13,WT,excluded,C:\Users\dmishra\Desktop\KJ Images and mutant-Grace\w1118 sv feb\w1118 sv feb 40xx0.75-13,,,,,,,,,,,,,,,,,,,,,,,,,,,,,,,,,,,,,,,,,,,,,,,,,,,,,,,,,,,,,,,,,,,,,,
w1118_sv_feb_40xx0.75-14,WT,excluded,C:\Users\dmishra\Desktop\KJ Images and mutant-Grace\w1118 sv feb\w1118 sv feb 40xx0.75-14,,,,,,,,,,,,,,,,,,,,,,,,,,,,,,,,,,,,,,,,,,,,,,,,,,,,,,,,,,,,,,,,,,,,,,
w1118_sv_feb_40xx0.75-16,WT,excluded,C:\Users\dmishra\Desktop\KJ Images and mutant-Grace\w1118 sv feb\w1118 sv feb 40xx0.75-16,,,,,,,,,,,,,,,,,,,,,,,,,,,,,,,,,,,,,,,,,,,,,,,,,,,,,,,,,,,,,,,,,,,,,,
w1118_sv_feb_40xx0.75-17,WT,excluded,C:\Users\dmishra\Desktop\KJ Images and mutant-Grace\w1118 sv feb\w1118 sv feb 40xx0.75-17,,,,,,,,,,,,,,,,,,,,,,,,,,,,,,,,,,,,,,,,,,,,,,,,,,,,,,,,,,,,,,,,,,,,,,
w1118_sv_feb_40xx0.75-18,WT,excluded,C:\Users\dmishra\Desktop\KJ Images and mutant-Grace\w1118 sv feb\w1118 sv feb 40xx0.75-18,,,,,,,,,,,,,,,,,,,,,,,,,,,,,,,,,,,,,,,,,,,,,,,,,,,,,,,,,,,,,,,,,,,,,,
w1118_sv_feb_40xx0.75-2,WT,excluded,C:\Users\dmishra\Desktop\KJ Images and mutant-Grace\w1118 sv feb\w1118 sv feb 40xx0.75-2,,,,,,,,,,,,,,,,,,,,,,,,,,,,,,,,,,,,,,,,,,,,,,,,,,,,,,,,,,,,,,,,,,,,,,
w1118_sv_feb_40xx0.75-3,WT,excluded,C:\Users\dmishra\Desktop\KJ Images and mutant-Grace\w1118 sv feb\w1118 sv feb 40xx0.75-3,,,,,,,,,,,,,,,,,,,,,,,,,,,,,,,,,,,,,,,,,,,,,,,,,,,,,,,,,,,,,,,,,,,,,,
w1118_sv_feb_40xx0.75-4,WT,excluded,C:\Users\dmishra\Desktop\KJ Images and mutant-Grace\w1118 sv feb\w1118 sv feb 40xx0.75-4,,,,,,,,,,,,,,,,,,,,,,,,,,,,,,,,,,,,,,,,,,,,,,,,,,,,,,,,,,,,,,,,,,,,,,
w1118_sv_feb_40xx0.75-5,WT,excluded,C:\Users\dmishra\Desktop\KJ Images and mutant-Grace\w1118 sv feb\w1118 sv feb 40xx0.75-5,,,,,,,,,,,,,,,,,,,,,,,,,,,,,,,,,,,,,,,,,,,,,,,,,,,,,,,,,,,,,,,,,,,,,,
w1118_sv_feb_40xx0.75-6,WT,excluded,C:\Users\dmishra\Desktop\KJ Images and mutant-Grace\w1118 sv feb\w1118 sv feb 40xx0.75-6,,,,,,,,,,,,,,,,,,,,,,,,,,,,,,,,,,,,,,,,,,,,,,,,,,,,,,,,,,,,,,,,,,,,,,
w1118_sv_feb_40xx0.75-7,WT,excluded,C:\Users\dmishra\Desktop\KJ Images and mutant-Grace\w1118 sv feb\w1118 sv feb 40xx0.75-7,,,,,,,,,,,,,,,,,,,,,,,,,,,,,,,,,,,,,,,,,,,,,,,,,,,,,,,,,,,,,,,,,,,,,,
w1118_sv_feb_40xx0.75-8,WT,excluded,C:\Users\dmishra\Desktop\KJ Images and mutant-Grace\w1118 sv feb\w1118 sv feb 40xx0.75-8,,,,,,,,,,,,,,,,,,,,,,,,,,,,,,,,,,,,,,,,,,,,,,,,,,,,,,,,,,,,,,,,,,,,,,
w1118_sv_feb_40xx0.75-9,WT,excluded,C:\Users\dmishra\Desktop\KJ Images and mutant-Grace\w1118 sv feb\w1118 sv feb 40xx0.75-9,,,,,,,,,,,,,,,,,,,,,,,,,,,,,,,,,,,,,,,,,,,,,,,,,,,,,,,,,,,,,,,,,,,,,,
