sample_id,group,planes_sampled,detections,width_available,width_unavailable_fraction,boundary_clipped_fraction,median_signal_width_um,median_mask_width_um_available,median_mask_width_um_unavailable,mask_width_selection_bias_um,detections_per_1000um2,median_nearest_neighbour_um,unavailable_reasons
kj_sv_40xx0.75-1,KJ,3,960,773,0.1947916666666667,0.15208333333333332,0.7206,1.5341442871093751,1.058662109375,-0.4754821777343752,7.0102218201887885,6.071945679884549,"{""unavailable_boundary_clipped_profiles"": 146, ""unavailable_insufficient_profiles"": 10, ""unavailable_short_centerline"": 31}"
kj_sv_40xx0.75-10,KJ,3,1007,791,0.21449851042701096,0.17676266137040714,0.7707,1.5819763183593751,1.07977783203125,-0.502198486328125,7.101037766001136,5.745227294572271,"{""unavailable_boundary_clipped_profiles"": 178, ""unavailable_insufficient_profiles"": 10, ""unavailable_short_centerline"": 28}"
kj_sv_40xx0.75-11,KJ,3,697,538,0.22812051649928267,0.16929698708751795,0.75805,1.538533935546875,0.991341552734375,-0.5471923828125,6.485133290334882,5.573160189955668,"{""unavailable_boundary_clipped_profiles"": 118, ""unavailable_insufficient_profiles"": 16, ""unavailable_short_centerline"": 25}"
kj_sv_40xx0.75-12,KJ,3,617,454,0.26418152350081037,0.2188006482982172,0.72855,1.5368688964843749,1.0221636962890623,-0.5147052001953125,6.1537788741405075,5.667610092268854,"{""unavailable_boundary_clipped_profiles"": 135, ""unavailable_insufficient_profiles"": 8, ""unavailable_short_centerline"": 20}"
kj_sv_40xx0.75-13,KJ,3,538,409,0.2397769516728625,0.19144981412639406,0.7817,1.565098876953125,1.0813671875000002,-0.48373168945312495,6.026710598865251,5.889352433393116,"{""unavailable_boundary_clipped_profiles"": 103, ""unavailable_insufficient_profiles"": 9, ""unavailable_short_centerline"": 17}"
kj_sv_40xx0.75-14,KJ,3,828,650,0.21497584541062797,0.1642512077294686,0.7132499999999999,1.5537274169921877,1.0114544677734374,-0.5422729492187504,7.4424246756045,5.7095986034869375,"{""unavailable_boundary_clipped_profiles"": 136, ""unavailable_insufficient_profiles"": 15, ""unavailable_short_centerline"": 27}"
kj_sv_40xx0.75-15,KJ,3,837,679,0.18876941457586616,0.14097968936678615,0.6978,1.5363769531249998,0.890001220703125,-0.6463757324218747,7.433392310168926,5.868529479948668,"{""unavailable_boundary_clipped_profiles"": 118, ""unavailable_insufficient_profiles"": 4, ""unavailable_short_centerline"": 36}"
kj_sv_40xx0.75-16,KJ,3,293,233,0.20477815699658708,0.16040955631399317,0.679,1.5171533203125,0.939649658203125,-0.5775036621093751,4.681275267379697,6.574569797039783,"{""unavailable_boundary_clipped_profiles"": 47, ""unavailable_insufficient_profiles"": 5, ""unavailable_short_centerline"": 8}"
kj_sv_40xx0.75-17,KJ,3,446,346,0.22421524663677128,0.17488789237668162,0.6849000000000001,1.463228759765625,0.9219207763671875,-0.5413079833984376,5.487061020409634,5.480739371325961,"{""unavailable_boundary_clipped_profiles"": 78, ""unavailable_insufficient_profiles"": 9, ""unavailable_short_centerline"": 13}"
kj_sv_40xx0.75-2,KJ,3,978,793,0.18916155419222902,0.147239263803681,0.7511,1.5702832031250002,1.020631103515625,-0.5496520996093752,7.352765309205681,5.922936346920581,"{""unavailable_boundary_clipped_profiles"": 144, ""unavailable_insufficient_profiles"": 9, ""unavailable_short_centerline"": 32}"
kj_sv_40xx0.75-3,KJ,3,807,660,0.18215613382899631,0.137546468401487,0.7243999999999999,1.5277868652343747,0.910587158203125,-0.6171997070312497,6.115750737093547,6.429819301782458,"{""unavailable_boundary_clipped_profiles"": 111, ""unavailable_insufficient_profiles"": 10, ""unavailable_short_centerline"": 26}"
kj_sv_40xx0.75-4,KJ,3,970,764,0.21237113402061858,0.1711340206185567,0.7472,1.5912286376953126,1.0123626708984375,-0.5788659667968752,7.368250121498889,5.890206663621941,"{""unavailable_boundary_clipped_profiles"": 166, ""unavailable_insufficient_profiles"": 15, ""unavailable_short_centerline"": 25}"
kj_sv_40xx0.75-5,KJ,3,731,602,0.17647058823529416,0.1354309165526676,0.7507,1.5822601318359375,1.0276129150390623,-0.5546472167968752,6.379246139803572,5.918291430232546,"{""unavailable_boundary_clipped_profiles"": 99, ""unavailable_insufficient_profiles"": 5, ""unavailable_short_centerline"": 25}"
kj_sv_40xx0.75-6,KJ,3,619,471,0.23909531502423265,0.16962843295638125,0.6923,1.51843994140625,0.94581787109375,-0.5726220703124999,6.135763576466122,5.884460448583642,"{""unavailable_boundary_clipped_profiles"": 105, ""unavailable_insufficient_profiles"": 11, ""unavailable_short_centerline"": 32}"
kj_sv_40xx0.75-7,KJ,3,415,316,0.23855421686746991,0.20722891566265061,0.7449,1.5403124999999998,1.0703173828124999,-0.46999511718749987,5.08297241494762,6.021128156124868,"{""unavailable_boundary_clipped_profiles"": 86, ""unavailable_insufficient_profiles"": 4, ""unavailable_short_centerline"": 9}"
kj_sv_40xx0.75-8,KJ,3,477,373,0.21802935010482183,0.16771488469601678,0.7353,1.5601416015624998,1.071490478515625,-0.48865112304687486,6.028264393569553,5.804122450628876,"{""unavailable_boundary_clipped_profiles"": 80, ""unavailable_insufficient_profiles"": 10, ""unavailable_short_centerline"": 14}"
kj_sv_40xx0.75-9,KJ,3,761,623,0.1813403416557161,0.14191852825229961,0.7182,1.5385339355468748,1.01120849609375,-0.5273254394531248,6.434927591277988,6.066501535624065,"{""unavailable_boundary_clipped_profiles"": 108, ""unavailable_insufficient_profiles"": 9, ""unavailable_short_centerline"": 21}"
lkj_sv_40xx0.75-18,KJ,3,647,513,0.20710973724884085,0.1561051004636785,0.7761,1.60093505859375,1.0782641601562502,-0.5226708984374999,6.871702713180887,5.594506753171452,"{""unavailable_boundary_clipped_profiles"": 101, ""unavailable_insufficient_profiles"": 6, ""unavailable_short_centerline"": 27}"
w1118_sv_feb_40xx0.75-1,WT,3,755,598,0.2079470198675497,0.1509933774834437,0.72945,1.650924072265625,1.0765423583984375,-0.5743817138671876,7.004012582983555,5.745999906420897,"{""unavailable_boundary_clipped_profiles"": 114, ""unavailable_insufficient_profiles"": 15, ""unavailable_short_centerline"": 28}"
w1118_sv_feb_40xx0.75-10,WT,3,365,269,0.263013698630137,0.21095890410958903,0.6915,1.4886962890625,1.06055419921875,-0.42814208984375,5.018319699469572,6.571846618445948,"{""unavailable_boundary_clipped_profiles"": 77, ""unavailable_insufficient_profiles"": 4, ""unavailable_short_centerline"": 15}"
w1118_sv_feb_40xx0.75-11,WT,3,724,596,0.17679558011049723,0.14226519337016574,0.76665,1.6218048095703126,1.1091241455078125,-0.5126806640625001,6.40486599007711,6.060833672472309,"{""unavailable_boundary_clipped_profiles"": 103, ""unavailable_insufficient_profiles"": 9, ""unavailable_short_centerline"": 16}"
w1118_sv_feb_40xx0.75-12,WT,3,342,276,0.19298245614035092,0.16666666666666666,0.733,1.6082952880859374,1.0536669921875,-0.5546282958984374,4.744411342081951,6.71507990201592,"{""unavailable_boundary_clipped_profiles"": 57, ""unavailable_insufficient_profiles"": 2, ""unavailable_short_centerline"": 7}"
w1118_sv_feb_40xx0.75-13,WT,3,633,455,0.28120063191153244,0.18799368088467613,0.6631,1.624737548828125,1.0709039306640626,-0.5538336181640624,5.329015220233795,5.720498260757864,"{""unavailable_boundary_clipped_profiles"": 119, ""unavailable_insufficient_profiles"": 28, ""unavailable_short_centerline"": 31}"
w1118_sv_feb_40xx0.75-14,WT,3,427,314,0.26463700234192034,0.17798594847775176,0.6697,1.6333087158203128,1.095255126953125,-0.5380535888671878,5.539684178467112,5.89785719179328,"{""unavailable_boundary_clipped_profiles"": 76, ""unavailable_insufficient_profiles"": 10, ""unavailable_short_centerline"": 27}"
w1118_sv_feb_40xx0.75-16,WT,3,547,444,0.1882998171846435,0.13711151736745886,0.6819999999999999,1.6304705810546876,0.8562841796874999,-0.7741864013671876,6.279503336343423,5.906472953746087,"{""unavailable_boundary_clipped_profiles"": 75, ""unavailable_insufficient_profiles"": 11, ""unavailable_short_centerline"": 17}"
w1118_sv_feb_40xx0.75-17,WT,3,594,462,0.2222222222222222,0.16666666666666666,0.68015,1.5399530029296873,1.0393060302734376,-0.5006469726562497,5.58451011463961,5.817430153744259,"{""unavailable_boundary_clipped_profiles"": 99, ""unavailable_insufficient_profiles"": 10, ""unavailable_short_centerline"": 23}"
w1118_sv_feb_40xx0.75-18,WT,3,601,467,0.22296173044925127,0.17304492512479203,0.6828,1.536036376953125,0.94271484375,-0.5933215332031249,5.646010942693773,6.131422164669657,"{""unavailable_boundary_clipped_profiles"": 104, ""unavailable_insufficient_profiles"": 5, ""unavailable_short_centerline"": 25}"
w1118_sv_feb_40xx0.75-2,WT,3,736,573,0.22146739130434778,0.1671195652173913,0.7415,1.6518701171874999,1.1061724853515624,-0.5456976318359374,6.498329913403709,5.914288859198168,"{""unavailable_boundary_clipped_profiles"": 123, ""unavailable_insufficient_profiles"": 9, ""unavailable_short_centerline"": 31}"
w1118_sv_feb_40xx0.75-3,WT,3,555,443,0.20180180180180185,0.16396396396396395,0.7058,1.61213623046875,1.0742150878906251,-0.537921142578125,5.443237575813164,6.464826294485673,"{""unavailable_boundary_clipped_profiles"": 91, ""unavailable_insufficient_profiles"": 9, ""unavailable_short_centerline"": 12}"
w1118_sv_feb_40xx0.75-4,WT,3,600,480,0.19999999999999996,0.16666666666666666,0.7388,1.5871038818359375,1.0930224609374999,-0.49408142089843765,5.604385501296968,5.987739458850568,"{""unavailable_boundary_clipped_profiles"": 100, ""unavailable_insufficient_profiles"": 3, ""unavailable_short_centerline"": 17}"
w1118_sv_feb_40xx0.75-5,WT,3,397,300,0.24433249370277077,0.17884130982367757,0.7000500000000001,1.58261962890625,1.047044677734375,-0.535574951171875,4.854664048894144,6.3602368616661416,"{""unavailable_boundary_clipped_profiles"": 71, ""unavailable_insufficient_profiles"": 7, ""unavailable_short_centerline"": 19}"
w1118_sv_feb_40xx0.75-6,WT,3,621,480,0.22705314009661837,0.1723027375201288,0.7045,1.63665771484375,1.0972607421875,-0.53939697265625,5.373214833192007,6.3145151057312905,"{""unavailable_boundary_clipped_profiles"": 107, ""unavailable_insufficient_profiles"": 14, ""unavailable_short_centerline"": 20}"
w1118_sv_feb_40xx0.75-7,WT,3,626,482,0.23003194888178913,0.17092651757188498,0.68025,1.638133544921875,1.0769775390625,-0.561156005859375,6.616002076179452,6.162135511851883,"{""unavailable_boundary_clipped_profiles"": 107, ""unavailable_insufficient_profiles"": 10, ""unavailable_short_centerline"": 27}"
w1118_sv_feb_40xx0.75-8,WT,3,667,527,0.20989505247376317,0.15592203898050974,0.708,1.5639636230468752,0.84273681640625,-0.7212268066406252,5.466939502067223,6.511538612331796,"{""unavailable_boundary_clipped_profiles"": 104, ""unavailable_insufficient_profiles"": 12, ""unavailable_short_centerline"": 24}"
w1118_sv_feb_40xx0.75-9,WT,3,563,448,0.20426287744227356,0.16163410301953818,0.7241500000000001,1.6070843505859376,0.995579833984375,-0.6115045166015626,6.266772312270568,5.9000446327994265,"{""unavailable_boundary_clipped_profiles"": 91, ""unavailable_insufficient_profiles"": 5, ""unavailable_short_centerline"": 19}"
